Date,Adj Close,Adj Close First Difference,forecast
02-01-2020,28.68400002,0,0
03-01-2020,29.5340004,0.850000381,28.68394997
06-01-2020,30.10266685,0.568666458,29.51748062
07-01-2020,31.27066612,1.167999268,30.10152763
08-01-2020,32.8093338,1.538667679,31.24895682
09-01-2020,32.08933258,-0.720001221,32.79277425
10-01-2020,31.87666702,-0.212665558,32.11293502
13-01-2020,34.99066544,3.113998413,31.86672288
14-01-2020,35.86133194,0.870666504,34.93701887
15-01-2020,34.56666565,-1.29466629,35.87652898
16-01-2020,34.23266602,-0.333999634,34.58240159
17-01-2020,34.03333282,-0.199333191,34.22971151
21-01-2020,36.47999954,2.446666718,34.0388985
22-01-2020,37.97066879,1.49066925,36.42990893
23-01-2020,38.14666748,0.175998688,37.97189903
24-01-2020,37.6546669,-0.49200058,38.14257161
27-01-2020,37.20133209,-0.453334808,37.66650669
28-01-2020,37.79333115,0.591999054,37.20297248
29-01-2020,38.73266602,0.939334869,37.7810368
30-01-2020,42.72066879,3.988002777,38.7220019
31-01-2020,43.37133408,0.650665283,42.65073848
03-02-2020,52,8.628665924,43.40040497
04-02-2020,59.13733292,7.137332916,51.81773997
05-02-2020,48.97999954,-10.15733337,59.10904515
06-02-2020,49.93066788,0.950668335,49.19102675
07-02-2020,49.87133408,-0.059333801,49.78721482
10-02-2020,51.41866684,1.547332764,49.9576279
11-02-2020,51.62533188,0.206665039,51.33785052
12-02-2020,51.152668,-0.472663879,51.66935556
13-02-2020,53.59999847,2.447330475,51.13557241
14-02-2020,53.33533478,-0.264663696,53.56334777
18-02-2020,57.2266655,3.891330719,53.36215309
19-02-2020,61.16133118,3.93466568,57.13633281
20-02-2020,59.96066666,-1.20066452,61.13971512
21-02-2020,60.06666565,0.105998993,59.99645859
24-02-2020,55.58599854,-4.480667114,60.04339122
25-02-2020,53.32733154,-2.258666992,55.68549708
26-02-2020,51.91999817,-1.407333374,53.31145696
27-02-2020,45.26666641,-6.653331757,51.95633378
28-02-2020,44.53266525,-0.73400116,45.37232513
02-03-2020,49.57466888,5.042003632,44.4839782
03-03-2020,49.70066833,0.125999451,49.50715521
04-03-2020,49.96666718,0.26599884,49.73833759
05-03-2020,48.30266571,-1.664001465,49.93921868
06-03-2020,46.89866638,-1.403999329,48.3507802
09-03-2020,40.53333282,-6.365333557,46.89695188
10-03-2020,43.02199936,2.488666534,40.65607227
11-03-2020,42.2820015,-0.739997864,42.90154679
12-03-2020,37.36999893,-4.912002563,42.36765742
13-03-2020,36.44133377,-0.928665161,37.41308051
16-03-2020,29.67133331,-6.770000458,36.43351738
17-03-2020,28.68000031,-0.991333008,29.80543335
18-03-2020,24.08133316,-4.598667145,28.61935025
19-03-2020,28.50933266,4.427999496,24.20527577
20-03-2020,28.50200081,-0.007331848,28.35108077
23-03-2020,28.95266724,0.450666428,28.59608538
24-03-2020,33.66666794,4.714000702,28.88819713
25-03-2020,35.95000076,2.283332825,33.61479596
26-03-2020,35.21066666,-0.739334106,35.93713072
27-03-2020,34.29066849,-0.919998169,35.23244479
30-03-2020,33.47533417,-0.81533432,34.2953329
31-03-2020,34.93333435,1.458000183,33.4881565
01-04-2020,32.10400009,-2.829334259,34.89784179
02-04-2020,30.29800034,-1.805999756,32.17917403
03-04-2020,32.00066757,1.702667236,30.28790961
06-04-2020,34.41600037,2.415332794,31.97409841
07-04-2020,36.36333466,1.94733429,34.38558542
08-04-2020,36.58933258,0.225997925,36.34415206
09-04-2020,38.20000076,1.610668182,36.59639844
13-04-2020,43.39666748,5.196666718,38.16500605
14-04-2020,47.32600021,3.929332733,43.31806796
15-04-2020,48.65533447,1.329334259,47.29752088
16-04-2020,49.68066788,1.025333405,48.64682058
17-04-2020,50.25933456,0.578666687,49.66611502
20-04-2020,49.75733185,-0.502002716,50.25690809
21-04-2020,45.78133392,-3.975997925,49.76837189
22-04-2020,48.8073349,3.026000977,45.85081151
23-04-2020,47.04199982,-1.765335083,48.70822538
24-04-2020,48.3433342,1.301334381,47.13459279
27-04-2020,53.25,4.906665802,48.26348259
28-04-2020,51.27466583,-1.975334167,53.20357481
29-04-2020,53.36733246,2.092666626,51.3399991
30-04-2020,52.12533188,-1.24200058,53.28853093
01-05-2020,46.75466537,-5.370666504,52.19586174
04-05-2020,50.74599838,3.991333008,46.8154972
05-05-2020,51.2140007,0.468002319,50.63356167
06-05-2020,52.17200089,0.958000183,51.27179802
07-05-2020,52.00266647,-0.169334412,52.11937075
08-05-2020,54.62799835,2.625331879,52.03714785
11-05-2020,54.08599854,-0.541999817,54.55732575
12-05-2020,53.96066666,-0.125331879,54.13831693
13-05-2020,52.73066711,-1.229999542,53.93200513
14-05-2020,53.55533218,0.82466507,52.77120247
15-05-2020,53.27799988,-0.277332306,53.51549912
18-05-2020,54.24200058,0.964000702,53.30694962
19-05-2020,53.86733246,-0.374668121,54.20638072
20-05-2020,54.3706665,0.503334045,53.89564239
21-05-2020,55.17333221,0.80266571,54.34423559
22-05-2020,54.45866776,-0.714664459,55.17367357
26-05-2020,54.59133148,0.132663727,54.47213135
27-05-2020,54.68199921,0.090667725,54.5808021
28-05-2020,53.72066879,-0.961330414,54.68651605
29-05-2020,55.66666794,1.945999146,53.73637055
01-06-2020,59.87333298,4.206665039,55.62013423
02-06-2020,58.77066803,-1.102664948,59.82051484
03-06-2020,58.86399841,0.093330383,58.8231087
04-06-2020,57.62533188,-1.238666534,58.83108291
05-06-2020,59.04399872,1.41866684,57.66855829
08-06-2020,63.32799911,4.284000397,58.99120929
09-06-2020,62.71133423,-0.616664886,63.27741576
10-06-2020,68.33666992,5.625335693,62.75315467
11-06-2020,64.85600281,-3.480667114,68.20427273
12-06-2020,62.35200119,-2.504001617,65.00115821
15-06-2020,66.05999756,3.707996368,62.31371439
16-06-2020,65.47533417,-0.584663391,66.01181957
17-06-2020,66.11933136,0.643997192,65.51511474
18-06-2020,66.93066406,0.811332703,66.0834012
19-06-2020,66.72666931,-0.203994751,66.9364788
22-06-2020,66.28800201,-0.438667297,66.72711837
23-06-2020,66.78533173,0.497329712,66.29612389
24-06-2020,64.05666351,-2.728668213,66.77100004
25-06-2020,65.73200226,1.675338745,64.11735055
26-06-2020,63.98266602,-1.749336243,65.6639393
29-06-2020,67.29000092,3.3073349,64.05652263
30-06-2020,71.98733521,4.69733429,67.182912
01-07-2020,74.64199829,2.654663086,71.96108208
02-07-2020,80.57733154,5.935333252,74.60681912
06-07-2020,91.4386673,10.86133575,80.48471631
07-07-2020,92.65733337,1.218666077,91.28595038
08-07-2020,91.05867004,-1.59866333,92.72468792
09-07-2020,92.95200348,1.893333435,91.04925639
10-07-2020,102.9766693,10.02466583,92.92138634
13-07-2020,99.80400085,-3.172668457,102.8031472
14-07-2020,101.1200027,1.316001892,99.96767981
15-07-2020,103.0673294,1.94732666,100.9976713
16-07-2020,100.0426636,-3.024665833,103.1027121
17-07-2020,100.0559998,0.013336182,100.0794985
20-07-2020,109.5333328,9.477333069,100.0338781
21-07-2020,104.5573349,-4.975997925,109.3652339
22-07-2020,106.1553345,1.597999573,104.7522788
23-07-2020,100.8713303,-5.284004211,106.0090504
24-07-2020,94.46666718,-6.404663086,101.0592139
27-07-2020,102.6399994,8.173332214,94.47760601
28-07-2020,98.43267059,-4.207328796,102.4772104
29-07-2020,99.9406662,1.507995605,98.60976337
30-07-2020,99.16600037,-0.774665833,99.80670038
31-07-2020,95.38400269,-3.781997681,99.26034121
03-08-2020,99,3.615997314,95.40031994
04-08-2020,99.1333313,0.133331299,98.92116622
05-08-2020,99.00133514,-0.131996155,99.1775804
06-08-2020,99.305336,0.304000854,98.97759129
07-08-2020,96.84733582,-2.458000183,99.31361797
10-08-2020,94.57133484,-2.276000977,96.88942265
11-08-2020,91.62599945,-2.945335388,94.58987352
12-08-2020,103.6506653,12.02466583,91.67131662
13-08-2020,108.0666656,4.416000366,103.3938205
14-08-2020,110.0473328,1.980667114,108.1346931
17-08-2020,122.3759995,12.32866669,109.9690736
18-08-2020,125.8059998,3.430000305,122.1867011
19-08-2020,125.2353363,-0.570663452,125.852784
20-08-2020,133.4553375,8.220001221,125.2184759
21-08-2020,136.665329,3.209991455,133.3081588
24-08-2020,134.2799988,-2.3853302,136.6913166
25-08-2020,134.889328,0.609329224,134.3101852
26-08-2020,143.5446625,8.655334473,134.8597562
27-08-2020,149.25,5.705337524,143.396705
28-08-2020,147.5599976,-1.690002441,149.2287324
31-08-2020,166.1066742,18.54667664,147.6049401
01-09-2020,158.3500061,-7.756668091,165.7253341
02-09-2020,149.1233368,-9.226669312,158.7247117
03-09-2020,135.6666718,-13.45666504,149.077335
04-09-2020,139.4400024,3.773330688,135.9513064
08-09-2020,110.0699997,-29.37000275,139.1988766
09-09-2020,122.0933304,12.02333069,110.7747717
10-09-2020,123.7799988,1.686668396,121.4450336
11-09-2020,124.2399979,0.459999084,124.1325991
14-09-2020,139.8733368,15.63333893,124.0218845
15-09-2020,149.9199982,10.04666138,139.7038673
16-09-2020,147.2533264,-2.666671753,149.8284836
17-09-2020,141.1433258,-6.11000061,147.3586467
18-09-2020,147.3833313,6.240005493,141.1976427
21-09-2020,149.7966614,2.413330078,147.2317616
22-09-2020,141.4100037,-8.386657715,149.8404898
23-09-2020,126.7866669,-14.62333679,141.54436
24-09-2020,129.2633362,2.476669312,126.9865438
25-09-2020,135.7799988,6.516662598,129.0973212
28-09-2020,140.3999939,4.619995117,135.7539361
29-09-2020,139.6900024,-0.709991455,140.3271194
30-09-2020,143.0033264,3.313323975,139.7468404
01-10-2020,149.386673,6.383346558,142.9062259
02-10-2020,138.363327,-11.02334595,149.3222494
05-10-2020,141.8933258,3.529998779,138.6123662
06-10-2020,137.9933319,-3.899993896,141.6779839
07-10-2020,141.7666626,3.773330688,138.1957451
08-10-2020,141.9733276,0.206665039,141.5743466
09-10-2020,144.6666718,2.693344116,142.0835418
12-10-2020,147.4333344,2.766662598,144.5497407
13-10-2020,148.8833313,1.449996948,147.4498433
14-10-2020,153.7666626,4.883331299,148.8458032
15-10-2020,149.6266632,-4.13999939,153.6955588
16-10-2020,146.5566711,-3.069992065,149.7480407
19-10-2020,143.6100006,-2.946670532,146.543323
20-10-2020,140.6466675,-2.96333313,143.6742725
21-10-2020,140.8800049,0.233337402,140.6651798
22-10-2020,141.9299927,1.049987793,140.8645532
23-10-2020,140.2100067,-1.719985962,141.9190869
26-10-2020,140.093338,-0.116668701,140.2493714
27-10-2020,141.5599976,1.466659546,140.0722006
28-10-2020,135.3399963,-6.220001221,141.5444992
29-10-2020,136.9433289,1.60333252,135.4681393
30-10-2020,129.3466644,-7.596664429,136.8365984
02-11-2020,133.5033264,4.156661987,129.5552916
03-11-2020,141.3000031,7.796676636,133.2999912
04-11-2020,140.3266602,-0.973342896,141.2716179
05-11-2020,146.0299988,5.703338623,140.3621235
06-11-2020,143.3166656,-2.71333313,145.8998838
09-11-2020,140.4199982,-2.89666748,143.4457928
10-11-2020,136.7866669,-3.633331299,140.3987351
11-11-2020,139.043335,2.256668091,136.8687681
12-11-2020,137.2533264,-1.790008545,138.9514432
13-11-2020,136.1666718,-1.086654663,137.3421065
16-11-2020,136.0299988,-0.136672974,136.1347482
17-11-2020,147.2033386,11.17333984,136.0515634
18-11-2020,162.2133331,15.00999451,146.9768739
19-11-2020,166.4233398,4.210006714,162.0607413
20-11-2020,163.2033386,-3.220001221,166.433418
23-11-2020,173.9499969,10.74665833,163.2589306
24-11-2020,185.1266632,11.17666626,173.7114915
25-11-2020,191.3333282,6.206665039,185.0545224
27-11-2020,195.2533264,3.919998169,191.2574663
30-11-2020,189.1999969,-6.053329468,195.2234005
01-12-2020,194.9199982,5.720001221,189.3335175
02-12-2020,189.6066742,-5.313323975,194.7313541
03-12-2020,197.793335,8.186660767,189.8202651
04-12-2020,199.6799927,1.886657715,197.5099891
07-12-2020,213.9199982,14.24000549,199.8121198
08-12-2020,216.6266632,2.706665039,213.5692567
09-12-2020,201.4933319,-15.1333313,216.7831183
10-12-2020,209.0233307,7.529998779,201.6898427
11-12-2020,203.3300018,-5.693328857,208.7626813
14-12-2020,213.2766724,9.946670532,203.5936044
15-12-2020,211.0833282,-2.193344116,212.9299817
16-12-2020,207.5899963,-3.493331909,211.3310795
17-12-2020,218.6333313,11.04333496,207.5097233
18-12-2020,231.6666718,13.03334045,218.4698073
21-12-2020,216.6199951,-15.04667664,231.5145146
22-12-2020,213.4466705,-3.173324585,216.9980528
23-12-2020,215.3266602,1.879989624,213.2829232
24-12-2020,220.5899963,5.263336182,215.3879165
28-12-2020,221.2299957,0.63999939,220.4529836
29-12-2020,221.9966736,0.766677856,221.2990933
30-12-2020,231.593338,9.596664429,221.9409938
31-12-2020,235.2233276,3.629989624,231.4428786
04-01-2021,243.2566681,8.033340454,235.2432313
05-01-2021,245.0366669,1.779998779,243.0912343
06-01-2021,251.9933319,6.956665039,245.1008365
07-01-2021,272.0133362,20.02000427,251.8222089
08-01-2021,293.3399963,21.32666016,271.732087
11-01-2021,270.3966675,-22.94332886,293.0991356
12-01-2021,283.1466675,12.75,270.9783874
13-01-2021,284.8033447,1.656677246,282.5575233
14-01-2021,281.6666565,-3.136688232,285.1214033
15-01-2021,275.3866577,-6.279998779,281.5378264
19-01-2021,281.5166626,6.130004883,275.583226
20-01-2021,283.4833374,1.966674805,281.2827506
21-01-2021,281.6633301,-1.820007324,283.5845886
22-01-2021,282.2133179,0.549987793,281.6380268
25-01-2021,293.6000061,11.38668823,282.2178217
26-01-2021,294.3633423,0.763336182,293.3795895
27-01-2021,288.0533447,-6.309997559,294.479593
28-01-2021,278.4766541,-9.576690674,288.1049973
29-01-2021,264.5100098,-13.96664429,278.6291222
01-02-2021,279.936676,15.42666626,264.6865772
02-02-2021,290.9299927,10.99331665,279.536861
03-02-2021,284.8966675,-6.033325195,290.9571175
04-02-2021,283.3299866,-1.566680908,284.995938
05-02-2021,284.0766602,0.746673584,283.3010148
08-02-2021,287.8066711,3.730010986,284.0795806
09-02-2021,283.1533203,-4.65335083,287.73361
10-02-2021,268.2733459,-14.87997437,283.2856763
11-02-2021,270.5533447,2.279998779,268.479318
12-02-2021,272.0400085,1.486663818,270.3874724
16-02-2021,265.4066772,-6.633331299,272.1100479
17-02-2021,266.0499878,0.643310547,265.4919457
18-02-2021,262.4599915,-3.589996338,265.9870674
19-02-2021,260.4333191,-2.026672363,262.5659934
22-02-2021,238.1666718,-22.26664734,260.4091475
23-02-2021,232.9466705,-5.220001221,238.6068169
24-02-2021,247.3399963,14.39332581,232.7852035
25-02-2021,227.406662,-19.93333435,247.1606117
26-02-2021,225.1666718,-2.239990234,227.8943285
01-03-2021,239.4766693,14.30999756,224.9200087
02-03-2021,228.8133392,-10.66333008,239.3494537
03-03-2021,217.7333374,-11.08000183,229.0927697
04-03-2021,207.1466675,-10.58666992,217.7793351
05-03-2021,199.3166656,-7.830001831,207.321806
08-03-2021,187.6666718,-11.6499939,199.3624266
09-03-2021,224.5266724,36.86000061,187.8622843
10-03-2021,222.6866608,-1.840011597,223.7056906
11-03-2021,233.1999969,10.51333618,223.2092127
12-03-2021,231.2433319,-1.956665039,232.688748
15-03-2021,235.9799957,4.736663818,231.5842453
16-03-2021,225.6266632,-10.35333252,235.6870392
17-03-2021,233.9366608,8.309997559,225.9985559
18-03-2021,217.7200012,-16.21665955,233.5569824
19-03-2021,218.2899933,0.569992065,218.2554973
22-03-2021,223.3333282,5.043334961,217.9612026
23-03-2021,220.7200012,-2.613327026,223.4320693
24-03-2021,210.0899963,-10.63000488,220.7113583
25-03-2021,213.4633331,3.373336792,210.2984003
26-03-2021,206.2366638,-7.226669312,213.2751096
29-03-2021,203.7633362,-2.473327637,206.4865931
30-03-2021,211.8733368,8.11000061,203.662265
31-03-2021,222.6433258,10.76998901,211.7782523
01-04-2021,220.5833282,-2.059997559,222.4938215
05-04-2021,230.3500061,9.766677856,220.7114722
06-04-2021,230.5399933,0.189987183,230.0871708
07-04-2021,223.656662,-6.883331299,230.6923893
08-04-2021,227.9333344,4.276672363,223.697821
09-04-2021,225.6733398,-2.259994507,227.8271197
12-04-2021,233.9933319,8.319992065,225.7796098
13-04-2021,254.1066742,20.11334229,233.7711462
14-04-2021,244.0766602,-10.03001404,253.853953
15-04-2021,246.2833405,2.206680298,244.418485
16-04-2021,246.593338,0.309997559,246.0382227
19-04-2021,238.2100067,-8.383331299,246.7329213
20-04-2021,239.6633301,1.453323364,238.2874557
21-04-2021,248.0399933,8.376663208,239.5895621
22-04-2021,239.8966675,-8.143325806,247.9236013
23-04-2021,243.1333313,3.236663818,240.1214837
26-04-2021,246.0666656,2.933334351,242.9379784
27-04-2021,234.9133301,-11.15333557,246.1265416
28-04-2021,231.4666595,-3.446670532,235.0910661
29-04-2021,225.6666718,-5.799987793,231.4270579
30-04-2021,236.4799957,10.81332397,225.8010916
03-05-2021,228.3000031,-8.179992676,236.1934202
04-05-2021,224.5333405,-3.766662598,228.6265478
05-05-2021,223.6466675,-0.886672974,224.4115193
06-05-2021,221.1799927,-2.466674805,223.7359406
07-05-2021,224.1233368,2.943344116,221.1741659
10-05-2021,209.6799927,-14.44334412,224.0705114
11-05-2021,205.7333374,-3.946655273,209.987546
12-05-2021,196.6300049,-9.10333252,205.6262323
13-05-2021,190.5633392,-6.066665649,196.8676659
14-05-2021,196.5800018,6.016662598,190.538265
17-05-2021,192.2766724,-4.303329468,196.4798327
18-05-2021,192.6233368,0.346664429,192.4184274
19-05-2021,187.8200073,-4.803329468,192.5325565
20-05-2021,195.593338,7.773330688,187.9657501
21-05-2021,193.6266632,-1.966674805,195.3581733
24-05-2021,202.1466675,8.520004272,193.8038739
25-05-2021,201.5633392,-0.583328247,201.8785439
26-05-2021,206.3766632,4.813323975,201.7336624
27-05-2021,210.2833405,3.906677246,206.1835097
28-05-2021,208.406662,-1.876678467,210.323298
01-06-2021,207.9666595,-0.440002441,208.4188286
02-06-2021,201.706665,-6.259994507,207.967851
03-06-2021,190.9466705,-10.75999451,201.8256651
04-06-2021,199.6833344,8.736663818,191.0817865
07-06-2021,201.7100067,2.026672363,199.4360567
08-06-2021,201.1966705,-0.513336182,201.8180449
09-06-2021,199.593338,-1.60333252,201.1423512
10-06-2021,203.3733368,3.779998779,199.6562439
11-06-2021,203.2966614,-0.076675415,203.2637101
14-06-2021,205.8966675,2.600006104,203.3632062
15-06-2021,199.7866669,-6.11000061,205.8074451
16-06-2021,201.6233368,1.836669922,199.9564717
17-06-2021,205.5333405,3.910003662,201.4874123
18-06-2021,207.7700043,2.236663818,205.5392611
21-06-2021,206.9433289,-0.826675415,207.7237188
22-06-2021,207.9033356,0.960006714,206.9866139
23-06-2021,218.8566742,10.95333862,207.8592821
24-06-2021,226.6066742,7.75,218.6733698
25-06-2021,223.956665,-2.650009155,226.5672906
28-06-2021,229.5733337,5.616668701,224.0307197
29-06-2021,226.9199982,-2.653335571,229.4219668
30-06-2021,226.5666656,-0.35333252,227.060594
01-07-2021,225.9733276,-0.593338013,226.4899592
02-07-2021,226.3000031,0.326675415,226.0302097
06-07-2021,219.8600006,-6.440002441,226.2599888
07-07-2021,214.8833313,-4.976669312,220.0069041
08-07-2021,217.6033325,2.720001221,214.8912906
09-07-2021,218.9833374,1.380004883,217.5465941
12-07-2021,228.5666656,9.583328247,218.9906302
13-07-2021,222.8466644,-5.720001221,228.3790783
14-07-2021,217.793335,-5.053329468,223.0674047
15-07-2021,216.8666687,-0.92666626,217.7589279
16-07-2021,214.7400055,-2.126663208,216.9048143
19-07-2021,215.406662,0.666656494,214.7580281
20-07-2021,220.1666718,4.760009766,215.3832149
21-07-2021,218.4299927,-1.736679077,220.0895671
22-07-2021,216.4199982,-2.009994507,218.5089747
23-07-2021,214.4600067,-1.959991455,216.4115477
26-07-2021,219.206665,4.746658325,214.5025033
27-07-2021,214.9266663,-4.279998779,219.090669
28-07-2021,215.6600037,0.733337402,215.0773706
29-07-2021,225.7833405,10.12333679,215.5565165
30-07-2021,229.0666656,3.283325195,225.65119
02-08-2021,236.5566711,7.490005493,229.0823295
03-08-2021,236.5800018,0.023330688,236.4041442
04-08-2021,236.9733276,0.393325806,236.6701015
05-08-2021,238.2100067,1.236679077,236.9123196
06-08-2021,233.0333405,-5.17666626,238.2225749
09-08-2021,237.9199982,4.886657715,233.1248708
10-08-2021,236.6633301,-1.256668091,237.7722167
11-08-2021,235.9400024,-0.723327637,236.7750895
12-08-2021,240.75,4.809997559,235.8874897
13-08-2021,239.0566711,-1.693328857,240.689194
16-08-2021,228.7233276,-10.33334351,239.1251487
17-08-2021,221.9033356,-6.819992065,228.880277
18-08-2021,229.6633301,7.759994507,221.9405803
19-08-2021,224.4900055,-5.173324585,229.492829
20-08-2021,226.7533264,2.263320923,224.6901488
23-08-2021,235.4333344,8.680007935,226.5912331
24-08-2021,236.1633301,0.729995728,235.3635749
25-08-2021,237.0666656,0.903335571,236.1907825
26-08-2021,233.7200012,-3.346664429,237.0330947
27-08-2021,237.3066711,3.586669922,233.8039271
30-08-2021,243.636673,6.330001831,237.1882631
31-08-2021,245.2400055,1.60333252,243.5859185
01-09-2021,244.6966705,-0.543334961,245.2394754
02-09-2021,244.1300049,-0.566665649,244.7073752
03-09-2021,244.5233307,0.393325806,244.1344863
07-09-2021,250.9733276,6.449996948,244.5131489
08-09-2021,251.2899933,0.316665649,250.8560313
09-09-2021,251.6199951,0.330001831,251.3535694
10-09-2021,245.4233398,-6.196655273,251.5759434
13-09-2021,247.6666718,2.243331909,245.5679867
14-09-2021,248.1633301,0.496658325,247.5379055
15-09-2021,251.9433289,3.779998779,248.2302732
16-09-2021,252.3300018,0.386672974,251.8313055
17-09-2021,253.1633301,0.833328247,252.389109
20-09-2021,243.3899994,-9.773330688,253.1123064
21-09-2021,246.4600067,3.070007324,243.6071804
22-09-2021,250.6466675,4.186660767,246.2723733
23-09-2021,251.2133331,0.566665649,250.6779941
24-09-2021,258.1300049,6.916671753,251.1839004
27-09-2021,263.7866821,5.656677246,258.0152126
28-09-2021,259.186676,-4.600006104,263.7466569
29-09-2021,260.436676,1.25,259.2984006
30-09-2021,258.4933472,-1.943328857,260.3464488
01-10-2021,258.4066772,-0.086669922,258.584071
04-10-2021,260.5100098,2.10333252,258.3544775
05-10-2021,260.1966553,-0.313354492,260.5007764
06-10-2021,260.9166565,0.720001221,260.2081287
07-10-2021,264.5366821,3.620025635,260.8960771
08-10-2021,261.8299866,-2.706695557,264.4796746
11-10-2021,263.980011,2.150024414,261.9155875
12-10-2021,268.5733337,4.593322754,263.888081
13-10-2021,270.3599854,1.786651611,268.5400707
14-10-2021,272.7733459,2.413360596,270.3455662
15-10-2021,281.0100098,8.236663818,272.735756
18-10-2021,290.0366821,9.026672363,280.8748182
19-10-2021,288.0899963,-1.946685791,289.9443236
20-10-2021,288.6000061,0.510009766,288.1820495
21-10-2021,298,9.399993896,288.5356071
22-10-2021,303.2266541,5.226654053,297.8584775
25-10-2021,341.6199951,38.39334106,303.2107201
26-10-2021,339.4766541,-2.143341064,340.8952741
27-10-2021,345.9533386,6.47668457,339.9478624
28-10-2021,359.0133362,13.05999756,345.5497604
29-10-2021,371.3333435,12.32000732,359.0031747
01-11-2021,402.8633423,31.52999878,371.1037853
02-11-2021,390.6666565,-12.19668579,402.3966816
03-11-2021,404.6199951,13.95333862,391.1769163
04-11-2021,409.9700012,5.350006104,404.0502614
05-11-2021,407.3633423,-2.606658936,410.2059109
08-11-2021,387.6466675,-19.7166748,407.2731433
09-11-2021,341.1666565,-46.48001099,388.0772469
10-11-2021,355.9833374,14.81668091,341.7998662
11-11-2021,354.5033264,-1.480010986,355.3241066
12-11-2021,344.4733276,-10.02999878,354.9229726
15-11-2021,337.7966614,-6.67666626,344.4160091
16-11-2021,351.5766602,13.77999878,337.958363
17-11-2021,363.0033264,11.42666626,351.2171587
18-11-2021,365.4599915,2.456665039,362.9982328
19-11-2021,379.019989,13.55999756,365.4160374
22-11-2021,385.6233215,6.60333252,378.7867795
23-11-2021,369.6766663,-15.94665527,385.6354908
24-11-2021,372,2.32333374,369.9743835
26-11-2021,360.6400146,-11.35998535,371.7788355
29-11-2021,378.9966736,18.35665894,360.9885387
30-11-2021,381.5866699,2.589996338,378.4387496
01-12-2021,365,-16.58666992,381.8683475
02-12-2021,361.5333252,-3.466674805,365.1499655
03-12-2021,338.3233337,-23.20999146,361.5105917
06-12-2021,336.3366699,-1.986663818,338.7806643
07-12-2021,350.5833435,14.24667358,336.1031712
08-12-2021,356.3200073,5.736663818,350.449524
09-12-2021,334.6000061,-21.72000122,356.2897478
10-12-2021,339.0100098,4.410003662,335.0333119
13-12-2021,322.1366577,-16.87335205,338.6684522
14-12-2021,319.5033264,-2.633331299,322.6620815
15-12-2021,325.3299866,5.826660156,319.2417709
16-12-2021,308.9733276,-16.35665894,325.3738351
17-12-2021,310.8566589,1.883331299,309.2600791
20-12-2021,299.980011,-10.87664795,310.6504181
21-12-2021,312.8433228,12.86331177,300.3104331
22-12-2021,336.2900085,23.44668579,312.4011918
23-12-2021,355.6666565,19.37664795,336.1041131
27-12-2021,364.6466675,8.980010986,355.4064795
28-12-2021,362.8233337,-1.82333374,364.6293974
29-12-2021,362.063324,-0.760009766,362.8684528
30-12-2021,356.7799988,-5.283325195,362.051073
31-12-2021,352.2600098,-4.519989014,356.8883023
03-01-2022,399.9266663,47.66665649,352.2821505
04-01-2022,383.1966553,-16.73001099,399.0020128
05-01-2022,362.706665,-20.48999023,384.065486
06-01-2022,354.8999939,-7.806671143,362.5827156
07-01-2022,342.3200073,-12.57998657,355.1228588
10-01-2022,352.706665,10.38665771,342.4282681
11-01-2022,354.7999878,2.093322754,352.4437775
12-01-2022,368.7399902,13.94000244,354.9160181
13-01-2022,343.8533325,-24.88665771,368.4045413
14-01-2022,349.8699951,6.016662598,344.5283652
18-01-2022,343.5033264,-6.366668701,349.3542158
19-01-2022,331.8833313,-11.61999512,343.9312599
20-01-2022,332.0899963,0.206665039,331.851498
21-01-2022,314.6333313,-17.45666504,332.1049418
24-01-2022,310,-4.633331299,314.9582757
25-01-2022,306.1333313,-3.866668701,309.8957019
26-01-2022,312.4700012,6.336669922,306.2691874
27-01-2022,276.3666687,-36.10333252,312.2681783
28-01-2022,282.1166687,5.75,277.1768677
31-01-2022,312.2399902,30.12332153,281.5257488
01-02-2022,310.4166565,-1.82333374,312.014747
02-02-2022,301.8866577,-8.529998779,310.5852363
03-02-2022,297.0466614,-4.839996338,301.9496979
04-02-2022,307.7733459,10.72668457,297.1017916
07-02-2022,302.4466553,-5.326690674,307.5354966
08-02-2022,307.3333435,4.886688232,302.6897119
09-02-2022,310.6666565,3.333312988,307.0956097
10-02-2022,301.5166626,-9.149993896,310.7440428
11-02-2022,286.6666565,-14.8500061,301.6456947
14-02-2022,291.9200134,5.253356934,286.8740287
15-02-2022,307.4766541,15.55664063,291.6964516
16-02-2022,307.7966614,0.320007324,307.3118857
17-02-2022,292.1166687,-15.67999268,307.8883548
18-02-2022,285.6600037,-6.456665039,292.362078
22-02-2022,273.8433228,-11.81668091,285.6377875
23-02-2022,254.6799927,-19.16333008,274.0824767
24-02-2022,266.9233398,12.24334717,254.9044743
25-02-2022,269.956665,3.033325195,266.5559545
28-02-2022,290.1433411,20.18667603,270.116754
01-03-2022,288.1233215,-2.020019531,289.6622846
02-03-2022,293.2966614,5.173339844,288.447523
03-03-2022,279.7633362,-13.5333252,293.0052753
04-03-2022,279.4299927,-0.333343506,280.1951063
07-03-2022,268.1933289,-11.23666382,279.1800518
08-03-2022,274.7999878,6.606658936,268.5565774
09-03-2022,286.3233337,11.52334595,274.4580132
10-03-2022,279.4333191,-6.890014648,286.3059867
11-03-2022,265.1166687,-14.31665039,279.5753719
14-03-2022,255.456665,-9.660003662,265.3061122
15-03-2022,267.2966614,11.83999634,255.5289284
16-03-2022,280.0766602,12.77999878,267.0273517
17-03-2022,290.5333252,10.45666504,279.992146
18-03-2022,301.7966614,11.26333618,290.3835375
21-03-2022,307.0533447,5.25668335,301.6701969
22-03-2022,331.3266602,24.27331543,307.0278975
23-03-2022,333.0366821,1.710021973,330.877598
24-03-2022,337.9733276,4.936645508,333.2705625
25-03-2022,336.8800049,-1.093322754,337.7400858
28-03-2022,363.9466553,27.06665039,337.0393733
29-03-2022,366.5233459,2.576690674,363.3344637
30-03-2022,364.6633301,-1.860015869,366.8374933
31-03-2022,359.2000122,-5.463317871,364.5124085
01-04-2022,361.5299988,2.329986572,359.3940778
04-04-2022,381.8166809,20.28668213,361.3702387
05-04-2022,363.7533264,-18.06335449,381.5235867
06-04-2022,348.5866699,-15.16665649,364.2727364
07-04-2022,352.4200134,3.833343506,348.568354
08-04-2022,341.8299866,-10.59002686,352.357583
11-04-2022,325.3099976,-16.51998901,342.0695564
12-04-2022,328.9833374,3.673339844,325.4836847
13-04-2022,340.7900085,11.80667114,328.8099863
14-04-2022,328.3333435,-12.45666504,340.6671423
18-04-2022,334.7633362,6.429992676,328.6444853
19-04-2022,342.7166748,7.953338623,334.4556724
20-04-2022,325.7333374,-16.9833374,342.7472273
21-04-2022,336.2600098,10.52667236,326.0399656
22-04-2022,335.0166626,-1.243347168,335.8766863
25-04-2022,332.6733398,-2.343322754,335.2679941
26-04-2022,292.1400146,-40.5333252,332.5689503
27-04-2022,293.8366699,1.696655273,292.9770864
28-04-2022,292.5033264,-1.333343506,293.3073077
29-04-2022,290.2533264,-2.25,292.843073
02-05-2022,300.980011,10.72668457,290.0946657
03-05-2022,303.0833435,2.10333252,300.8690761
04-05-2022,317.5400085,14.45666504,303.1089775
05-05-2022,291.0933228,-26.44668579,317.2483423
06-05-2022,288.5499878,-2.543334961,291.7721961
09-05-2022,262.3699951,-26.17999268,288.1956178
10-05-2022,266.6799927,4.309997559,263.0809919
11-05-2022,244.6666718,-22.01332092,266.1754995
12-05-2022,242.6666718,-2,245.3871099
13-05-2022,256.5299988,13.86332703,242.2772373
16-05-2022,241.456665,-15.07333374,256.4960792
17-05-2022,253.8699951,12.41333008,241.7650421
18-05-2022,236.6033325,-17.2666626,253.4495557
19-05-2022,236.4733276,-0.130004883,237.1831047
20-05-2022,221.3000031,-15.17332458,236.1316387
23-05-2022,224.9666595,3.666656494,221.7929959
24-05-2022,209.386673,-15.57998657,224.6038842
25-05-2022,219.6000061,10.21333313,209.89996
26-05-2022,235.9100037,16.30999756,219.099994
27-05-2022,253.2100067,17.30000305,235.8949406
31-05-2022,252.7533264,-0.456680298,252.8881279
01-06-2022,246.7899933,-5.96333313,252.9531389
02-06-2022,258.3333435,11.54335022,246.7854113
03-06-2022,234.5166626,-23.81668091,258.1153248
06-06-2022,238.2799988,3.763336182,235.1015234
07-06-2022,238.886673,0.606674194,237.8608383
08-06-2022,241.8666687,2.979995728,239.1239015
09-06-2022,239.706665,-2.160003662,241.6688556
10-06-2022,232.2299957,-7.476669312,239.8653993
13-06-2022,215.7366638,-16.49333191,232.2787383
14-06-2022,220.8899994,5.153335571,216.0231236
15-06-2022,233,12.11000061,220.6214008
16-06-2022,213.1000061,-19.8999939,232.9278758
17-06-2022,216.7599945,3.659988403,213.5233612
21-06-2022,237.0366669,20.27667236,216.4386863
22-06-2022,236.0866699,-0.949996948,236.8396652
23-06-2022,235.0700073,-1.016662598,236.221784
24-06-2022,245.706665,10.63665771,235.0092397
27-06-2022,244.9199982,-0.78666687,245.5393386
28-06-2022,232.6633301,-12.25666809,245.0343726
29-06-2022,228.4900055,-4.173324585,232.8298123
30-06-2022,224.4733276,-4.016677856,228.4709801
01-07-2022,227.2633362,2.790008545,224.5614311
05-07-2022,233.0666656,5.803329468,227.1576824
06-07-2022,231.7333374,-1.333328247,233.0184111
07-07-2022,244.543335,12.80999756,231.7874798
08-07-2022,250.7633362,6.220001221,244.2662336
11-07-2022,234.343338,-16.41999817,250.8088916
12-07-2022,233.0700073,-1.273330688,234.6302875
13-07-2022,237.0399933,3.969985962,232.9240126
14-07-2022,238.3133392,1.273345947,237.050745
15-07-2022,240.0666656,1.753326416,238.282607
18-07-2022,240.5466614,0.479995728,240.0513814
19-07-2022,245.5299988,4.983337402,240.546556
20-07-2022,247.5,1.970001221,245.434767
21-07-2022,271.706665,24.20666504,247.5188617
22-07-2022,272.2433472,0.536682129,271.2325739
25-07-2022,268.4333191,-3.810028076,272.514523
26-07-2022,258.8599854,-9.57333374,268.3451964
27-07-2022,274.8200073,15.96002197,259.0953653
28-07-2022,280.8999939,6.079986572,274.3750799
29-07-2022,297.1499939,16.25,281.0478548
01-08-2022,297.2766724,0.126678467,296.751476
02-08-2022,300.5866699,3.309997559,297.5108254
03-08-2022,307.3966675,6.809997559,300.384372
04-08-2022,308.6333313,1.236663818,307.3865345
05-08-2022,288.1700134,-20.46331787,308.6156984
08-08-2022,290.4233398,2.253326416,288.5717926
09-08-2022,283.3333435,-7.089996338,290.141739
10-08-2022,294.3566589,11.02331543,283.6360916
11-08-2022,286.6300049,-7.726654053,293.9661417
12-08-2022,300.0299988,13.3999939,287.0095844
15-08-2022,309.3200073,9.290008545,299.5484233
16-08-2022,306.563324,-2.75668335,309.4282399
17-08-2022,303.9966736,-2.566650391,306.5517879
18-08-2022,302.8699951,-1.126678467,304.0526028
19-08-2022,296.6666565,-6.203338623,302.8583384
22-08-2022,289.9133301,-6.753326416,296.7922003
23-08-2022,296.4533386,6.540008545,289.9679436
24-08-2022,297.0966797,0.643341064,296.2958561
25-08-2022,296.0700073,-1.026672363,297.177865
26-08-2022,288.0899963,-7.980010986,296.0414453
29-08-2022,284.8200073,-3.269989014,288.2595503
30-08-2022,277.7000122,-7.119995117,284.7818842
31-08-2022,275.6099854,-2.090026855,277.8587963
01-09-2022,277.1600037,1.550018311,275.5556918
02-09-2022,270.2099915,-6.950012207,277.162594
06-09-2022,274.4200134,4.210021973,270.3413559
07-09-2022,283.7000122,9.279998779,274.2615239
08-09-2022,289.2600098,5.559997559,283.61664
09-09-2022,299.6799927,10.41998291,289.2031811
12-09-2022,304.4200134,4.740020752,299.5144713
13-09-2022,292.1300049,-12.29000854,304.4276318
14-09-2022,302.6099854,10.47998047,292.3604991
15-09-2022,303.75,1.140014648,302.2727508
16-09-2022,303.3500061,-0.399993896,303.9283953
19-09-2022,309.0700073,5.720001221,303.2517528
20-09-2022,308.730011,-0.339996338,309.018953
21-09-2022,300.7999878,-7.930023193,308.7668204
22-09-2022,288.5899963,-12.20999146,300.9297789
23-09-2022,275.3299866,-13.26000977,288.746434
26-09-2022,276.0100098,0.680023193,275.4906849
27-09-2022,282.9400024,6.929992676,275.9016093
28-09-2022,287.8099976,4.869995117,282.8718337
29-09-2022,268.2099915,-19.6000061,287.7573382
30-09-2022,265.25,-2.959991455,268.6160549
03-10-2022,242.3999939,-22.8500061,265.0655479
04-10-2022,249.4400024,7.040008545,242.946443
05-10-2022,240.8099976,-8.630004883,248.9809862
06-10-2022,238.1300049,-2.679992676,241.2475152
07-10-2022,223.0700073,-15.05999756,237.9215261
10-10-2022,222.9600067,-0.11000061,223.4817544
11-10-2022,216.5,-6.460006714,222.7176814
12-10-2022,217.2400055,0.740005493,216.7673856
13-10-2022,221.7200012,4.479995728,217.0671244
14-10-2022,204.9900055,-16.72999573,221.736961
17-10-2022,219.3500061,14.36000061,205.2998584
18-10-2022,220.1900024,0.839996338,218.8914652
19-10-2022,222.0399933,1.849990845,220.4461469
20-10-2022,207.2799988,-14.75999451,221.8525595
21-10-2022,214.4400024,7.160003662,207.6735159
24-10-2022,211.25,-3.190002441,214.0694778
25-10-2022,222.4199982,11.16999817,211.5309587
26-10-2022,224.6399994,2.220001221,222.0396111
27-10-2022,225.0899963,0.449996948,224.8233595
28-10-2022,228.5200043,3.430007935,224.9725416
31-10-2022,227.5399933,-0.980010986,228.5241392
01-11-2022,227.8200073,0.280014038,227.556279
02-11-2022,214.9799957,-12.8400116,227.8049849
03-11-2022,215.3099976,0.330001831,215.2344479
04-11-2022,207.4700012,-7.839996338,215.1526346
07-11-2022,197.0800018,-10.38999939,207.7133389
08-11-2022,191.3000031,-5.779998779,197.134231
09-11-2022,177.5899963,-13.71000671,191.3783391
10-11-2022,190.7200012,13.13000488,177.8056639
11-11-2022,195.9700012,5.25,190.340893
14-11-2022,190.9499969,-5.020004272,196.0946607
15-11-2022,194.4199982,3.470001221,190.9719898
16-11-2022,186.9199982,-7.5,194.340587
17-11-2022,183.1699982,-3.75,187.1105591
18-11-2022,180.1900024,-2.979995728,183.1285836
21-11-2022,167.8699951,-12.32000732,180.2715729
22-11-2022,169.9100037,2.040008545,168.0571622
23-11-2022,183.1999969,13.28999329,169.7598839
25-11-2022,182.8600006,-0.339996338,183.0349747
28-11-2022,182.9199982,0.059997559,182.9644657
29-11-2022,180.8300018,-2.089996338,182.8568364
30-11-2022,194.6999969,13.86999512,180.9074632
01-12-2022,194.6999969,0,194.3887827
02-12-2022,194.8600006,0.160003662,194.8847456
05-12-2022,182.4499969,-12.41000366,194.7472671
06-12-2022,179.8200073,-2.629989624,182.7542313
07-12-2022,174.0399933,-5.780014038,179.6896944
08-12-2022,173.4400024,-0.599990845,174.2278808
09-12-2022,179.0500031,5.61000061,173.3399386
12-12-2022,167.8200073,-11.22999573,179.002127
13-12-2022,160.9499969,-6.870010376,168.0631749
14-12-2022,156.8000031,-4.149993896,160.9370157
15-12-2022,157.6699982,0.869995117,156.8870678
16-12-2022,150.2299957,-7.440002441,157.6016766
19-12-2022,149.8699951,-0.36000061,150.4128261
20-12-2022,137.8000031,-12.06999207,149.7683442
21-12-2022,137.5700073,-0.229995728,138.0911564
22-12-2022,125.3499985,-12.22000885,137.4015657
23-12-2022,123.1500015,-2.199996948,125.6836701
27-12-2022,109.0999985,-14.05000305,122.9939909
28-12-2022,112.7099991,3.61000061,109.4612847
29-12-2022,121.8199997,9.11000061,112.4264932
30-12-2022,123.1800003,1.36000061,121.8140928
03-01-2023,108.0999985,-15.08000183,123.1575001
04-01-2023,113.6399994,5.540000916,108.4017241
05-01-2023,110.3399963,-3.300003052,113.3549444
06-01-2023,113.0599976,2.720001221,110.5723205
09-01-2023,119.7699966,6.709999084,112.8700676
10-01-2023,118.8499985,-0.919998169,119.7544338
11-01-2023,123.2200012,4.370002747,118.8768299
12-01-2023,123.5599976,0.339996338,123.1205073
13-01-2023,122.4000015,-1.159996033,123.6125594
17-01-2023,131.4900055,9.090003967,122.390981
18-01-2023,128.7799988,-2.710006714,131.321536
19-01-2023,127.1699982,-1.61000061,128.931831
20-01-2023,133.4199982,6.25,127.1106521
23-01-2023,143.75,10.33000183,133.3357121
24-01-2023,143.8899994,0.13999939,143.6024991
25-01-2023,144.4299927,0.539993286,143.9748844
26-01-2023,160.2700043,15.8400116,144.3692756
27-01-2023,177.8999939,17.62998962,160.0031462
30-01-2023,166.6600037,-11.23999023,177.72128
31-01-2023,173.2200012,6.559997559,166.9810328
01-02-2023,181.4100037,8.190002441,172.9039819
02-02-2023,188.2700043,6.86000061,181.4409907
03-02-2023,189.9799957,1.709991455,188.1204282
06-02-2023,194.7599945,4.779998779,190.0360903
07-02-2023,196.8099976,2.050003052,194.6352887
08-02-2023,201.2899933,4.479995728,196.8448264
09-02-2023,207.3200073,6.030014038,201.1836485
10-02-2023,196.8899994,-10.43000793,207.2678282
13-02-2023,194.6399994,-2.25,197.1204237
14-02-2023,209.25,14.61000061,194.5462366
15-02-2023,214.2400055,4.990005493,209.0262802
16-02-2023,202.0399933,-12.20001221,214.2773923
17-02-2023,208.3099976,6.270004272,202.2510949
21-02-2023,197.3699951,-10.94000244,208.0647809
22-02-2023,200.8600006,3.490005493,197.7247663
23-02-2023,202.0700073,1.210006714,200.582657
24-02-2023,196.8800049,-5.190002441,202.2115107
27-02-2023,207.6300049,10.75,196.8952494
28-02-2023,205.7100067,-1.919998169,207.4153873
01-03-2023,202.7700043,-2.940002441,205.8741272
02-03-2023,190.8999939,-11.87001038,202.7287965
03-03-2023,197.7899933,6.88999939,191.1514417
06-03-2023,193.8099976,-3.979995728,197.5089696
07-03-2023,187.7100067,-6.099990845,194.0529318
08-03-2023,182,-5.710006714,187.6824393
09-03-2023,172.9199982,-9.080001831,182.1255552
10-03-2023,173.4400024,0.520004272,173.019097
13-03-2023,174.4799957,1.039993286,173.3712298
14-03-2023,183.2599945,8.779998779,174.5009344
15-03-2023,180.4499969,-2.809997559,183.0796682
16-03-2023,184.1300049,3.680007935,180.61078
17-03-2023,180.1300049,-4,183.9641867
20-03-2023,183.25,3.119995117,180.3049313
21-03-2023,197.5800018,14.33000183,183.0864946
22-03-2023,191.1499939,-6.430007935,197.4030381
23-03-2023,192.2200012,1.070007324,191.3780047
24-03-2023,190.4100037,-1.809997559,192.064184
27-03-2023,191.8099976,1.399993896,190.5371146
28-03-2023,189.1900024,-2.619995117,191.7077682
29-03-2023,193.8800049,4.690002441,189.3007908
30-03-2023,195.2799988,1.399993896,193.7245517
31-03-2023,207.4600067,12.18000793,195.3455102
03-04-2023,194.7700043,-12.69000244,207.1882033
04-04-2023,192.5800018,-2.190002441,195.1740228
05-04-2023,185.5200043,-7.059997559,192.3820395
06-04-2023,185.0599976,-0.460006714,185.7725277
10-04-2023,184.5099945,-0.550003052,184.9188865
11-04-2023,186.7899933,2.279998779,184.6042809
12-04-2023,180.5399933,-6.25,186.6904218
13-04-2023,185.8999939,5.36000061,180.7186189
14-04-2023,185,-0.899993896,185.6914578
17-04-2023,187.0399933,2.039993286,185.1410052
18-04-2023,184.3099976,-2.729995728,186.9172773
19-04-2023,180.5899963,-3.720001221,184.4350511
20-04-2023,162.9900055,-17.59999084,180.5868959
21-04-2023,165.0800018,2.089996338,163.3284034
24-04-2023,162.5500031,-2.529998779,164.8391497
25-04-2023,160.6699982,-1.880004883,162.7413622
26-04-2023,153.75,-6.919998169,160.5923506
27-04-2023,160.1900024,6.440002441,153.9284228
28-04-2023,164.3099976,4.119995117,159.9609343
01-05-2023,161.8300018,-2.479995728,164.3671962
02-05-2023,160.3099976,-1.520004272,161.8434705
03-05-2023,160.6100006,0.300003052,160.3310685
04-05-2023,161.1999969,0.589996338,160.5917553
05-05-2023,170.0599976,8.86000061,161.1995458
08-05-2023,171.7899933,1.729995728,169.8908392
09-05-2023,169.1499939,-2.63999939,171.8573301
10-05-2023,168.5399933,-0.61000061,169.1605038
11-05-2023,172.0800018,3.540008545,168.545419
12-05-2023,167.9799957,-4.100006104,172.0090868
15-05-2023,166.3500061,-1.629989624,168.1004963
16-05-2023,166.5200043,0.169998169,166.309642
17-05-2023,173.8600006,7.339996338,166.5407152
18-05-2023,176.8899994,3.029998779,173.7073461
19-05-2023,180.1399994,3.25,176.9226795
22-05-2023,188.8699951,8.729995728,180.0584508
23-05-2023,185.7700043,-3.099990845,188.7514654
24-05-2023,182.8999939,-2.870010376,185.8996479
25-05-2023,184.4700012,1.570007324,182.8779145
26-05-2023,193.1699982,8.699996948,184.4530858
30-05-2023,201.1600037,7.990005493,193.0136734
31-05-2023,203.9299927,2.769989014,201.1000145
01-06-2023,207.5200043,3.590011597,203.9126352
02-06-2023,213.9700012,6.449996948,207.461658
05-06-2023,217.6100006,3.63999939,213.8812971
06-06-2023,221.3099976,3.699996948,217.5930525
07-06-2023,224.5700073,3.260009766,221.2493051
08-06-2023,234.8600006,10.28999329,224.5436969
09-06-2023,244.3999939,9.539993286,234.6788482
12-06-2023,249.8300018,5.430007935,244.3251035
13-06-2023,258.7099915,8.879989624,249.7706238
14-06-2023,256.7900085,-1.91998291,258.5754321
15-06-2023,255.8999939,-0.890014648,256.9066031
16-06-2023,260.5400085,4.640014648,255.8477983
20-06-2023,274.4500122,13.91000366,260.4822648
21-06-2023,259.4599915,-14.99002075,274.2182958
22-06-2023,264.6099854,5.149993896,259.8841951
23-06-2023,256.6000061,-8.009979248,264.2596806
26-06-2023,241.0500031,-15.55000305,256.9611319
27-06-2023,250.2100067,9.160003662,241.1329813
28-06-2023,256.2399902,6.029983521,249.9855847
29-06-2023,257.5,1.260009766,256.2579068
30-06-2023,261.769989,4.269989014,257.4652694
03-07-2023,279.8200073,18.05001831,261.7089532
05-07-2023,282.480011,2.660003662,279.5110774
06-07-2023,276.5400085,-5.940002441,282.6125374
07-07-2023,274.4299927,-2.110015869,276.574924
10-07-2023,269.6099854,-4.820007324,274.4496145
11-07-2023,269.7900085,0.180023193,269.6905081
12-07-2023,271.9899902,2.199981689,269.7387646
13-07-2023,277.8999939,5.910003662,271.9783412
14-07-2023,281.3800049,3.480010986,277.7938946
17-07-2023,290.3800049,9,281.3764426
18-07-2023,293.3399963,2.959991455,290.2100163
19-07-2023,291.2600098,-2.079986572,293.3843054
20-07-2023,262.8999939,-28.36001587,291.273481
21-07-2023,260.019989,-2.880004883,263.4343138
24-07-2023,269.0599976,9.040008545,259.7578695
25-07-2023,265.2799988,-3.779998779,269.0427334
26-07-2023,264.3500061,-0.929992676,265.3625308
27-07-2023,255.7100067,-8.63999939,264.3187958
28-07-2023,266.4400024,10.72999573,255.8937535
31-07-2023,267.4299927,0.989990234,266.125738
01-08-2023,261.0700073,-6.359985352,267.5976209
02-08-2023,254.1100006,-6.960006714,261.0921162
03-08-2023,259.3200073,5.210006714,254.2299693
04-08-2023,253.8600006,-5.460006714,259.1491605
07-08-2023,251.4499969,-2.410003662,254.0658313
08-08-2023,249.6999969,-1.75,251.3738935
09-08-2023,242.1900024,-7.509994507,249.7786394
10-08-2023,245.3399963,3.149993896,242.2869278
11-08-2023,242.6499939,-2.690002441,245.2222217
14-08-2023,239.7599945,-2.88999939,242.7713492
15-08-2023,232.9600067,-6.799987793,239.7432176
16-08-2023,225.6000061,-7.36000061,233.0999995
17-08-2023,219.2200012,-6.380004883,225.6576433
18-08-2023,215.4900055,-3.729995728,219.3077878
21-08-2023,231.2799988,15.78999329,215.5092192
22-08-2023,233.1900024,1.910003662,230.9666472
23-08-2023,236.8600006,3.669998169,233.3394957
24-08-2023,230.0399933,-6.820007324,236.7010758
25-08-2023,238.5899963,8.550003052,230.2647533
28-08-2023,238.8200073,0.230010986,238.293072
29-08-2023,257.1799927,18.35998535,238.9918745
30-08-2023,256.8999939,-0.279998779,256.7268753
31-08-2023,258.0799866,1.179992676,257.174336
01-09-2023,245.0099945,-13.06999207,257.8945621
05-09-2023,256.4899902,11.47999573,245.3700016
06-09-2023,251.9199982,-4.569992065,256.056749
07-09-2023,251.4900055,-0.429992676,252.2645768
08-09-2023,248.5,-2.990005493,251.293673
11-09-2023,273.5799866,25.07998657,248.6737271
12-09-2023,267.480011,-6.099975586,272.9972613
13-09-2023,271.2999878,3.819976807,267.9425863
14-09-2023,276.0400085,4.740020752,270.9523376
15-09-2023,274.3900146,-1.649993896,276.1557455
18-09-2023,265.2799988,-9.110015869,274.3528609
19-09-2023,266.5,1.220001221,265.4762618
20-09-2023,262.5899963,-3.910003662,266.3601612
21-09-2023,255.6999969,-6.88999939,262.7477794
22-09-2023,244.8800049,-10.81999207,255.7380855
25-09-2023,246.9900055,2.11000061,245.0643003
26-09-2023,244.1199951,-2.870010376,246.840252
27-09-2023,240.5,-3.619995117,244.2637765
28-09-2023,246.3800049,5.880004883,240.4838695
29-09-2023,250.2200012,3.839996338,246.2771396
02-10-2023,251.6000061,1.380004883,250.2076353
03-10-2023,246.5299988,-5.070007324,251.5809577
04-10-2023,261.1600037,14.63000488,246.6382583
05-10-2023,260.0499878,-1.110015869,260.8159731
06-10-2023,260.5299988,0.480010986,260.2754438
09-10-2023,259.6700134,-0.859985352,260.3869804
10-10-2023,263.6199951,3.949981689,259.7713597
11-10-2023,262.9899902,-0.630004883,263.4842982
12-10-2023,258.8699951,-4.119995117,263.0825924
13-10-2023,251.1199951,-7.75,258.8938079
16-10-2023,253.9199982,2.800003052,251.254059
17-10-2023,254.8500061,0.930007935,253.7868694
18-10-2023,242.6799927,-12.17001343,254.9112523
19-10-2023,220.1100006,-22.56999207,242.8763568
20-10-2023,211.9900055,-8.119995117,220.4250281
23-10-2023,212.0800018,0.089996338,211.9582685
24-10-2023,216.5200043,4.440002441,212.0971212
25-10-2023,212.4199982,-4.100006104,216.4249372
26-10-2023,205.7599945,-6.660003662,212.5548363
27-10-2023,207.3000031,1.540008545,205.8073059
30-10-2023,197.3600006,-9.940002441,207.2424682
31-10-2023,200.8399963,3.479995728,197.5842341
01-11-2023,205.6600037,4.820007324,200.6403363
02-11-2023,218.5099945,12.84999084,205.6863585
03-11-2023,219.9600067,1.450012207,218.2486242
06-11-2023,219.2700043,-0.690002441,220.0874381
07-11-2023,222.1799927,2.909988403,219.2075507
08-11-2023,222.1100006,-0.069992065,222.161421
09-11-2023,209.9799957,-12.13000488,222.1223639
10-11-2023,214.6499939,4.669998169,210.2046135
13-11-2023,223.7100067,9.060012817,214.4273498
14-11-2023,237.4100037,13.69999695,223.6689259
15-11-2023,242.8399963,5.429992676,237.1724114
16-11-2023,233.5899963,-9.25,242.8772047
17-11-2023,234.3000031,0.710006714,233.744792
20-11-2023,235.6000061,1.300003052,234.1945333
21-11-2023,241.1999969,5.599990845,235.6377576
22-11-2023,234.2100067,-6.989990234,241.0704999
24-11-2023,235.4499969,1.239990234,234.4205478
27-11-2023,236.0800018,0.630004883,235.3012999
28-11-2023,246.7200012,10.63999939,236.1562268
29-11-2023,244.1399994,-2.580001831,246.4712869
30-11-2023,240.0800018,-4.059997559,244.3369821
01-12-2023,238.8300018,-1.25,240.0407031
04-12-2023,235.5800018,-3.25,238.8772343
05-12-2023,238.7200012,3.13999939,235.6141112
06-12-2023,239.3699951,0.649993896,238.6397077
07-12-2023,242.6399994,3.270004272,239.4052309
08-12-2023,243.8399963,1.199996948,242.5565511
11-12-2023,239.7400055,-4.099990845,243.8665874
12-12-2023,237.0099945,-2.730010986,239.8026225
13-12-2023,239.2899933,2.279998779,237.0250275
14-12-2023,251.0500031,11.76000977,239.2374696
15-12-2023,253.5,2.449996948,250.8563013
18-12-2023,252.0800018,-1.419998169,253.5681385
19-12-2023,257.2200012,5.13999939,252.0667063
20-12-2023,247.1399994,-10.08000183,257.1296039
21-12-2023,254.5,7.36000061,247.3864184
22-12-2023,252.5399933,-1.960006714,254.212974
26-12-2023,256.6099854,4.069992065,252.7478633
27-12-2023,261.4400024,4.83001709,256.408757
28-12-2023,253.1799927,-8.260009766,261.4670969
29-12-2023,248.4799957,-4.699996948,253.3218612
02-01-2024,248.4199982,-0.059997559,248.4856533
03-01-2024,238.4499969,-9.970001221,248.4177869
04-01-2024,237.9299927,-0.520004272,238.6419619
05-01-2024,237.4900055,-0.439987183,237.8259788
08-01-2024,240.4499969,2.959991455,237.5601658
09-01-2024,234.9600067,-5.489990234,240.3517444
10-01-2024,233.9400024,-1.020004272,235.123316
11-01-2024,227.2200012,-6.720001221,233.8625609
12-01-2024,218.8899994,-8.330001831,227.3944773
16-01-2024,219.9100037,1.020004272,218.9457149
17-01-2024,215.5500031,-4.36000061,219.8574237
18-01-2024,211.8800049,-3.669998169,215.664591
19-01-2024,212.1900024,0.309997559,211.8821609
22-01-2024,208.8000031,-3.38999939,212.1827946
23-01-2024,209.1399994,0.339996338,208.8691075
24-01-2024,207.8300018,-1.309997559,209.0924747
25-01-2024,182.6300049,-25.19999695,207.8832648
26-01-2024,183.25,0.619995117,183.0802751
29-01-2024,190.9299927,7.679992676,182.9708465
30-01-2024,191.5899963,0.660003662,190.9488475
31-01-2024,187.2899933,-4.300003052,191.5661824
01-02-2024,188.8600006,1.570007324,187.3863573
02-02-2024,187.9100037,-0.949996948,188.7727726
05-02-2024,181.0599976,-6.850006104,187.9799519
06-02-2024,185.1000061,4.040008545,181.1494634
07-02-2024,187.5800018,2.479995728,184.9696403
08-02-2024,189.5599976,1.979995728,187.609968
09-02-2024,193.5700073,4.010009766,189.5043458
12-02-2024,188.1300049,-5.440002441,193.5263625
13-02-2024,184.0200043,-4.11000061,188.259941
14-02-2024,188.7100067,4.690002441,184.0214631
15-02-2024,200.4499969,11.73999023,188.6194557
16-02-2024,199.9499969,-0.5,200.2792525
20-02-2024,193.7599945,-6.190002441,200.0609187
21-02-2024,194.7700043,1.010009766,193.812516
22-02-2024,197.4100037,2.63999939,194.7195115
23-02-2024,191.9700012,-5.440002441,197.3894945
26-02-2024,199.3999939,7.429992676,192.0862032
27-02-2024,199.7299957,0.330001831,199.1889313
28-02-2024,202.0399933,2.309997559,199.8489801
29-02-2024,201.8800049,-0.159988403,201.9251865
01-03-2024,202.6399994,0.759994507,201.951218
04-03-2024,188.1399994,-14.5,202.5831915
05-03-2024,180.7400055,-7.399993896,188.4510003
06-03-2024,176.5399933,-4.200012207,180.6968905
07-03-2024,178.6499939,2.11000061,176.6459031
08-03-2024,175.3399963,-3.309997559,178.5467731
11-03-2024,177.7700043,2.430007935,175.4645679
12-03-2024,177.5399933,-0.230010986,177.6495858
13-03-2024,169.4799957,-8.059997559,177.6158767
14-03-2024,162.5,-6.979995728,169.5890765
15-03-2024,163.5700073,1.070007324,162.5687211
18-03-2024,173.8000031,10.22999573,163.5087505
19-03-2024,171.3200073,-2.479995728,173.6407434
20-03-2024,175.6600037,4.339996338,171.4619739
21-03-2024,172.8200073,-2.839996338,175.4927349
22-03-2024,170.8300018,-1.990005493,172.9736125
25-03-2024,172.6300049,1.800003052,170.77687
26-03-2024,177.6699982,5.039993286,172.6271253
27-03-2024,179.8300018,2.160003662,177.5753299
28-03-2024,175.7899933,-4.040008545,179.8448957
01-04-2024,175.2200012,-0.569992065,175.8584072
02-04-2024,166.6300049,-8.589996338,175.1902879
03-04-2024,168.3800049,1.75,166.8119068
04-04-2024,171.1100006,2.729995728,168.2385564
05-04-2024,164.8999939,-6.210006714,171.1417652
08-04-2024,172.9799957,8.080001831,164.9998886
09-04-2024,176.8800049,3.900009155,172.7661839
10-04-2024,171.7599945,-5.120010376,176.9323535
11-04-2024,174.6000061,2.840011597,171.8268262
12-04-2024,171.0500031,-3.550003052,174.5060239
15-04-2024,161.4799957,-9.570007324,171.1736797
16-04-2024,157.1100006,-4.369995117,161.5895798
17-04-2024,155.4499969,-1.660003662,157.1285129
18-04-2024,149.9299927,-5.520004272,155.4707509
19-04-2024,147.0500031,-2.879989624,150.0232291
22-04-2024,142.0500031,-5,147.0497272
23-04-2024,144.6799927,2.629989624,142.1457798
24-04-2024,162.1300049,17.45001221,144.5728438
25-04-2024,170.1799927,8.049987793,161.8599232
26-04-2024,168.2899933,-1.88999939,170.1863869
29-04-2024,194.0500031,25.76000977,168.3223391
30-04-2024,183.2799988,-10.77000427,193.5382033
01-05-2024,179.9900055,-3.289993286,183.7897731
02-05-2024,180.0099945,0.019989014,179.7502972
03-05-2024,181.1900024,1.180007935,180.1519123
06-05-2024,184.7599945,3.569992065,181.0831898
07-05-2024,177.8099976,-6.949996948,184.7551351
08-05-2024,174.7200012,-3.089996338,177.9457842
09-05-2024,171.9700012,-2.75,174.6984818
10-05-2024,168.4700012,-3.5,172.0353631
13-05-2024,171.8899994,3.419998169,168.498129
14-05-2024,177.5500031,5.660003662,171.8079025
15-05-2024,173.9900055,-3.559997559,177.490505
16-05-2024,174.8399963,0.849990845,174.0934022
17-05-2024,177.4600067,2.620010376,174.7623621
20-05-2024,174.9499969,-2.510009766,177.455992
21-05-2024,186.6000061,11.65000916,175.0003781
22-05-2024,180.1100006,-6.490005493,186.3473196
23-05-2024,173.7400055,-6.369995117,180.3841107
24-05-2024,179.2400055,5.5,173.6990941
28-05-2024,176.75,-2.490005493,179.1591178
29-05-2024,176.1900024,-0.559997559,176.8456334
30-05-2024,178.7899933,2.599990845,176.1439394
31-05-2024,178.0800018,-0.709991455,178.7676195
03-06-2024,176.2899933,-1.790008545,178.1068606
04-06-2024,174.7700043,-1.519989014,176.3082785
05-06-2024,175,0.229995728,174.7882156
06-06-2024,177.9400024,2.940002441,174.9847909
07-06-2024,177.4799957,-0.460006714,177.8928107
10-06-2024,173.7899933,-3.690002441,177.5168071
11-06-2024,170.6600037,-3.129989624,173.8387031
12-06-2024,177.2899933,6.629989624,170.6909412
13-06-2024,182.4700012,5.180007935,177.144845
14-06-2024,178.0099945,-4.460006714,182.4571116
17-06-2024,187.4400024,9.430007935,178.1029331
18-06-2024,184.8600006,-2.580001831,187.2045044
20-06-2024,181.5700073,-3.289993286,185.0491376
21-06-2024,183.0099945,1.439987183,181.5206416
24-06-2024,182.5800018,-0.429992676,183.0117636
25-06-2024,187.3500061,4.770004272,182.5871742
26-06-2024,196.3699951,9.019989014,187.2545335
27-06-2024,197.4199982,1.050003052,196.2541858
28-06-2024,197.8800049,0.460006714,197.4686682
01-07-2024,209.8600006,11.97999573,197.8423159
02-07-2024,231.2599945,21.3999939,209.6532857
03-07-2024,246.3899994,15.13000488,230.9734851
05-07-2024,251.5200043,5.130004883,246.2707575
08-07-2024,252.9400024,1.419998169,251.4926919
09-07-2024,262.3299866,9.389984131,252.9290621
10-07-2024,263.2600098,0.930023193,262.1569204
11-07-2024,241.0299988,-22.23001099,263.344964
12-07-2024,248.2299957,7.199996948,241.404662
15-07-2024,252.6399994,4.410003662,247.8698987
16-07-2024,256.5599976,3.919998169,252.769436
17-07-2024,248.5,-8.059997559,256.4081985
18-07-2024,249.2299957,0.729995728,248.7442417
19-07-2024,239.1999969,-10.02999878,249.0710451
22-07-2024,251.5099945,12.30999756,239.4861557
23-07-2024,246.3800049,-5.129989624,251.1047207
24-07-2024,215.9900055,-30.38999939,246.7186896
25-07-2024,220.25,4.259994507,216.3700848
26-07-2024,219.8000031,-0.449996948,219.9429083
29-07-2024,232.1000061,12.30000305,219.9909095
30-07-2024,222.6199951,-9.480010986,231.7514688
31-07-2024,232.0700073,9.450012207,223.0081825
01-08-2024,216.8600006,-15.21000671,231.6588558
02-08-2024,207.6699982,-9.190002441,217.3949306
05-08-2024,198.8800049,-8.789993286,207.5281799
06-08-2024,200.6399994,1.759994507,199.132281
07-08-2024,191.7599945,-8.880004883,200.456583
08-08-2024,198.8399963,7.080001831,192.0386862
09-08-2024,200,1.160003662,198.5391664
12-08-2024,197.4900055,-2.509994507,200.1564019
13-08-2024,207.8300018,10.33999634,197.4451569
14-08-2024,201.3800049,-6.449996948,207.6588981
15-08-2024,214.1399994,12.75999451,201.6049192
16-08-2024,216.1199951,1.979995728,213.7624775
19-08-2024,222.7200012,6.600006104,216.3062439
20-08-2024,221.1000061,-1.619995117,222.4832276
21-08-2024,223.2700043,2.169998169,221.2715424
22-08-2024,210.6600037,-12.61000061,223.1266778
23-08-2024,220.3200073,9.660003662,210.9862236
26-08-2024,213.2100067,-7.11000061,219.9416264
27-08-2024,209.2100067,-4,213.5705897
28-08-2024,205.75,-3.460006714,209.0724412
29-08-2024,206.2799988,0.529998779,205.8978284
30-08-2024,214.1100006,7.830001831,206.1821072
03-09-2024,210.6000061,-3.509994507,214.0183829
04-09-2024,219.4100037,8.809997559,210.7215141
05-09-2024,230.1699982,10.75999451,219.1694019
06-09-2024,210.7299957,-19.44000244,230.1070696
09-09-2024,216.2700043,5.540008545,211.1390957
10-09-2024,226.1699982,9.899993896,215.9212076
11-09-2024,228.1300049,1.960006714,226.1877437
12-09-2024,229.8099976,1.679992676,228.0819901
13-09-2024,230.2899933,0.479995728,229.8063752
16-09-2024,226.7799988,-3.509994507,230.2829649
17-09-2024,227.8699951,1.089996338,226.8512913
18-09-2024,227.1999969,-0.669998169,227.8068296
19-09-2024,243.9199982,16.72000122,227.2503065
20-09-2024,238.25,-5.669998169,243.5704028
23-09-2024,250,11.75,238.5659582
24-09-2024,254.2700043,4.270004272,249.5877447
25-09-2024,257.019989,2.749984741,254.4330812
26-09-2024,254.2200012,-2.799987793,256.8705935
27-09-2024,260.4599915,6.239990234,254.3622311
30-09-2024,261.6300049,1.170013428,260.2562336
01-10-2024,258.019989,-3.610015869,261.7285897
02-10-2024,249.0200043,-8.999984741,258.0304982
03-10-2024,240.6600037,-8.36000061,249.1858686
04-10-2024,250.0800018,9.419998169,240.7214051
07-10-2024,240.8300018,-9.25,249.8634168
08-10-2024,244.5,3.669998169,241.1354589
09-10-2024,241.0500031,-3.449996948,244.2484891
10-10-2024,238.7700043,-2.279998779,241.2652824
11-10-2024,217.8000031,-20.97000122,238.6858057
14-10-2024,219.1600037,1.36000061,218.2509872
15-10-2024,219.5700073,0.410003662,218.8662755
16-10-2024,221.3300018,1.759994507,219.7365353
17-10-2024,220.8899994,-0.440002441,221.1974888
18-10-2024,220.6999969,-0.190002441,220.9770782
21-10-2024,218.8500061,-1.849990845,220.651937
22-10-2024,217.9700012,-0.880004883,218.9139129
23-10-2024,213.6499939,-4.320007324,217.9488917
24-10-2024,260.480011,46.83001709,213.7451351
25-10-2024,269.1900024,8.709991455,259.5280204
28-10-2024,262.5100098,-6.679992676,269.5885828
29-10-2024,259.519989,-2.990020752,262.401136
30-10-2024,257.5499878,-1.970001221,259.6417976
31-10-2024,249.8500061,-7.699981689,257.5153491
01-11-2024,248.9799957,-0.870010376,250.0178125
04-11-2024,242.8399963,-6.13999939,248.8970163
05-11-2024,251.4400024,8.600006104,243.0066688
06-11-2024,288.5299988,37.08999634,251.1766049
07-11-2024,296.9100037,8.380004883,287.9771049
08-11-2024,321.2200012,24.30999756,297.0779752
11-11-2024,350,28.77999878,320.6554168
12-11-2024,328.4899902,-21.51000977,349.7848108
13-11-2024,330.2399902,1.75,329.0290618
14-11-2024,311.1799927,-19.05999756,329.8865122
15-11-2024,320.7200012,9.540008545,311.7543072
18-11-2024,338.7399902,18.01998901,320.1966365
19-11-2024,346,7.260009766,338.7060907
20-11-2024,342.0299988,-3.970001221,345.8812939
21-11-2024,339.6400146,-2.389984131,342.176384
22-11-2024,352.5599976,12.91998291,339.5988175
25-11-2024,338.5899963,-13.97000122,352.3373902
26-11-2024,338.230011,-0.359985352,338.9892871
27-11-2024,332.8900146,-5.339996338,337.9998606
29-11-2024,345.1600037,12.26998901,333.1287553
02-12-2024,357.0899963,11.92999268,344.7836441
03-12-2024,351.4200134,-5.66998291,357.0852854
04-12-2024,357.9299927,6.509979248,351.5312348
05-12-2024,369.4899902,11.55999756,357.7394798
06-12-2024,389.2200012,19.73001099,369.3820289
09-12-2024,389.7900085,0.570007324,388.9068023
10-12-2024,400.9899902,11.19998169,389.9650354
11-12-2024,424.769989,23.77999878,400.671915
12-12-2024,418.1000061,-6.66998291,424.5040755
13-12-2024,436.230011,18.13000488,418.3854099
16-12-2024,463.019989,26.78997803,435.7138918
17-12-2024,479.8599854,16.83999634,462.8140834
18-12-2024,440.1300049,-39.72998047,479.6601945
19-12-2024,436.1700134,-3.959991455,441.0083485
20-12-2024,421.0599976,-15.11001587,435.7243204
23-12-2024,430.6000061,9.540008545,421.6135206
24-12-2024,462.2799988,31.67999268,430.088984
26-12-2024,454.1300049,-8.149993896,461.9775575
27-12-2024,431.6600037,-22.47000122,454.4653945
30-12-2024,417.4100037,-14.25,431.8905881
31-12-2024,403.8399963,-13.57000732,417.5456168
02-01-2025,379.2799988,-24.55999756,404.0189849
03-01-2025,410.4400024,31.16000366,379.6433951
06-01-2025,411.0499878,0.609985352,409.6284166
07-01-2025,394.3599854,-16.69000244,411.5201117
08-01-2025,394.9400024,0.58001709,394.4000579
10-01-2025,394.7399902,-0.200012207,394.9051224
13-01-2025,403.3099976,8.570007324,394.7645211
14-01-2025,396.3599854,-6.950012207,403.1315544
15-01-2025,428.2200012,31.86001587,396.5988183
16-01-2025,413.8200073,-14.3999939,427.4689749
17-01-2025,426.5,12.67999268,414.5412104
21-01-2025,424.0700073,-2.429992676,425.829392
22-01-2025,415.1099854,-8.960021973,424.5145736
23-01-2025,412.3800049,-2.729980469,415.0174126
24-01-2025,406.5799866,-5.800018311,412.4871639
27-01-2025,397.1499939,-9.429992676,406.6272843
28-01-2025,398.0899963,0.940002441,397.3022421
29-01-2025,389.1000061,-8.989990234,397.9816407
30-01-2025,400.2799988,11.17999268,389.336242
31-01-2025,404.6000061,4.320007324,399.9259697
03-02-2025,383.6799927,-20.92001343,404.7275616
04-02-2025,392.2099915,8.529998779,384.0043157
05-02-2025,378.1700134,-14.03997803,391.8543453
06-02-2025,374.3200073,-3.850006104,378.6496193
07-02-2025,361.6199951,-12.70001221,374.108917
10-02-2025,350.730011,-10.88998413,361.9881635
11-02-2025,328.5,-22.23001099,350.7196969
12-02-2025,336.5100098,8.010009766,328.9312182
13-02-2025,355.9400024,19.42999268,336.10085
14-02-2025,355.8399963,-0.100006104,355.8113435
18-02-2025,354.1099854,-1.730010986,355.9182856
19-02-2025,360.5599976,6.450012207,354.0965922
20-02-2025,354.3999939,-6.160003662,360.4446073
21-02-2025,337.7999878,-16.6000061,354.5862892
24-02-2025,330.5299988,-7.269989014,338.0068309
25-02-2025,302.7999878,-27.73001099,330.5462298
26-02-2025,290.7999878,-12,303.320622
27-02-2025,281.9500122,-8.849975586,290.7203905
28-02-2025,292.980011,11.02999878,282.1664987
03-03-2025,284.6499939,-8.33001709,292.6405742
04-03-2025,272.0400085,-12.60998535,285.010788
05-03-2025,279.1000061,7.059997559,272.0669629
06-03-2025,263.4500122,-15.6499939,278.9489995
07-03-2025,262.6700134,-0.779998779,263.8389239
10-03-2025,222.1499939,-40.52001953,262.4540562
11-03-2025,230.5800018,8.430007935,223.053042
12-03-2025,248.0899963,17.50999451,229.8827144
13-03-2025,240.6799927,-7.410003662,248.1690964
14-03-2025,249.9799957,9.300003052,240.7747343
17-03-2025,238.0099945,-11.97000122,249.7459133
18-03-2025,225.3099976,-12.69999695,238.3778522
19-03-2025,235.8600006,10.55000305,225.33448
20-03-2025,236.2599945,0.399993896,235.6437235
21-03-2025,248.7100067,12.45001221,236.3807359
24-03-2025,278.3900146,29.68000793,248.4002535
25-03-2025,288.1400146,9.75,278.0063374
26-03-2025,272.0599976,-16.08001709,288.1813349
27-03-2025,273.1300049,1.070007324,272.3429598
28-03-2025,263.5499878,-9.58001709,272.9415664
31-03-2025,259.1600037,-4.389984131,263.8450468
01-04-2025,268.4599915,9.299987793,259.0687932
02-04-2025,282.7600098,14.30001831,268.3362976
03-04-2025,267.2799988,-15.48001099,282.5599858
04-04-2025,239.4299927,-27.8500061,267.6947585
07-04-2025,233.2899933,-6.13999939,239.7163396
08-04-2025,221.8600006,-11.42999268,233.2374195
09-04-2025,272.2000122,50.3400116,222.1097815
10-04-2025,252.3999939,-19.80001831,271.0891014
11-04-2025,252.3099976,-0.089996338,253.4381006
14-04-2025,252.3500061,0.040008545,251.6954587
15-04-2025,254.1100006,1.759994507,252.7140548
16-04-2025,241.5500031,-12.55999756,253.8602318
17-04-2025,241.3699951,-0.180007935,241.9384551
21-04-2025,227.5,-13.86999512,241.1428374
22-04-2025,237.9700012,10.47000122,227.9000797
23-04-2025,250.7400055,12.77000427,237.5322851
24-04-2025,259.5100098,8.770004272,250.755655
25-04-2025,284.9500122,25.44000244,259.3330145
28-04-2025,285.8800049,0.929992676,284.5686047
29-04-2025,292.0299988,6.149993896,286.0886391
30-04-2025,282.1600037,-9.869995117,291.7885417
01-05-2025,280.519989,-1.640014648,282.4920816
02-05-2025,287.2099915,6.690002441,280.3542162
05-05-2025,280.2600098,-6.949981689,287.1804704
06-05-2025,275.3500061,-4.910003662,280.4104362
07-05-2025,276.2200012,0.869995117,275.3545992
08-05-2025,284.8200073,8.600006104,276.200638
09-05-2025,298.2600098,13.44000244,284.6670477
12-05-2025,318.3800049,20.11999512,298.0938048
13-05-2025,334.0700073,15.69000244,318.0939241
14-05-2025,347.6799927,13.60998535,333.9398023
15-05-2025,342.8200073,-4.859985352,347.4970292
16-05-2025,349.980011,7.160003662,343.021557
19-05-2025,342.0899963,-7.890014648,349.7234456
20-05-2025,343.8200073,1.730010986,342.3931808
21-05-2025,334.6199951,-9.200012207,343.6069431
22-05-2025,341.0400085,6.420013428,334.9224062
23-05-2025,339.3399963,-1.700012207,340.7377185
27-05-2025,362.8900146,23.55001831,339.5519559
28-05-2025,356.8999939,-5.990020752,362.31385
29-05-2025,358.4299927,1.529998779,357.3565719
30-05-2025,346.4599915,-11.97000122,358.129693
02-06-2025,342.6900024,-3.769989014,346.8671582
03-06-2025,344.269989,1.579986572,342.5203846
04-06-2025,332.0499878,-12.22000122,344.3404672
05-06-2025,284.7000122,-47.34997559,332.2418273
06-06-2025,295.1400146,10.44000244,285.4915831
09-06-2025,308.5799866,13.43997192,294.4704681
10-06-2025,326.0899963,17.51000977,308.7204479
11-06-2025,326.4299927,0.339996338,325.6717764
12-06-2025,319.1099854,-7.320007324,326.6717624
13-06-2025,325.3099976,6.200012207,319.1064391
16-06-2025,329.1300049,3.820007324,325.1935425
17-06-2025,316.3500061,-12.77999878,329.1260886
18-06-2025,322.0499878,5.699981689,316.5967176
20-06-2025,322.1600037,0.110015869,321.794532
23-06-2025,348.6799927,26.51998901,322.3095482
24-06-2025,340.4700012,-8.209991455,348.0840865
25-06-2025,327.5499878,-12.92001343,340.9807502
26-06-2025,325.7799988,-1.769989014,327.4938518
27-06-2025,323.6300049,-2.149993896,325.84717
30-06-2025,317.6600037,-5.970001221,323.6312429
01-07-2025,300.7099915,-16.95001221,317.7734306
02-07-2025,315.6499939,14.94000244,300.966785
03-07-2025,315.3500061,-0.299987793,315.2118599
07-07-2025,293.9400024,-21.41000366,315.6158357
08-07-2025,297.8099976,3.869995117,294.1916105
09-07-2025,295.8800049,-1.929992676,297.5866291
10-07-2025,309.8699951,13.98999023,296.0495114
11-07-2025,313.5100098,3.640014648,309.5018447
14-07-2025,316.8999939,3.389984131,313.6589514
15-07-2025,310.7799988,-6.119995117,316.7467512
16-07-2025,321.6700134,10.89001465,310.9879997
17-07-2025,319.4100037,-2.260009766,321.3382909
18-07-2025,329.6499939,10.23999023,319.6501441
21-07-2025,328.4899902,-1.160003662,329.3116223
22-07-2025,332.1099854,3.619995117,328.7130428
23-07-2025,332.5599976,0.450012207,331.9083491
24-07-2025,305.2999878,-27.26000977,332.6710911
25-07-2025,316.0599976,10.76000977,305.7553204
28-07-2025,325.5899963,9.529998779,315.5839355
29-07-2025,321.2000122,-4.389984131,325.6903667
30-07-2025,319.0400085,-2.160003662,321.2243764
31-07-2025,308.269989,-10.77001953,319.0668499
01-08-2025,302.6300049,-5.639984131,308.4600056
04-08-2025,309.2600098,6.630004883,302.6250549
05-08-2025,308.7200012,-0.540008545,309.1361654
06-08-2025,319.9100037,11.19000244,308.8038463
07-08-2025,322.269989,2.359985352,319.6462482
08-08-2025,329.6499939,7.380004883,322.3814353
11-08-2025,339.0299988,9.380004883,329.4427103
12-08-2025,340.8399963,1.809997559,338.9736803
13-08-2025,339.3800049,-1.459991455,340.8388173
14-08-2025,335.5799866,-3.800018311,339.4086236
15-08-2025,330.5599976,-5.019989014,335.6356636
18-08-2025,335.1600037,4.600006104,330.6229407
19-08-2025,329.3099976,-5.850006104,335.0346742
20-08-2025,323.8999939,-5.410003662,329.4962652
21-08-2025,320.1099854,-3.790008545,323.8928716
22-08-2025,340.0100098,19.90002441,320.1866882
25-08-2025,346.6000061,6.589996338,339.583936
26-08-2025,351.6700134,5.070007324,346.726922
27-08-2025,349.6000061,-2.070007324,351.4977197
28-08-2025,345.980011,-3.619995117,349.7418702
29-08-2025,333.8699951,-12.11001587,345.9650187
02-09-2025,329.3599854,-4.510009766,334.1104699
03-09-2025,334.0899963,4.730010986,329.3034734
04-09-2025,338.5299988,4.440002441,334.033094
05-09-2025,350.8399963,12.30999756,338.4788739
08-09-2025,346.3999939,-4.440002441,350.634947
09-09-2025,346.9700012,0.570007324,346.6066233
10-09-2025,347.7900085,0.820007324,346.8364381
11-09-2025,368.8099976,21.01998901,347.8536161
12-09-2025,395.9400024,27.13000488,368.3702811
15-09-2025,410.0400085,14.1000061,395.682239
16-09-2025,421.6199951,11.57998657,409.9233981
17-09-2025,425.8599854,4.239990234,421.4677802
18-09-2025,416.8500061,-9.009979248,425.8692664
19-09-2025,426.0700073,9.220001221,417.0167907
22-09-2025,434.2099915,8.139984131,425.7946873
23-09-2025,425.8500061,-8.359985352,434.2177743
24-09-2025,442.7900085,16.94000244,426.0052504
25-09-2025,423.3900146,-19.3999939,442.3739129
26-09-2025,440.3999939,17.00997925,424.008003
29-09-2025,443.2099915,2.809997559,439.7078575
30-09-2025,444.7200012,1.510009766,443.5671356
